{
  "A": [
    [
      -0.05939696961967014,
      0.0008819999999999616,
      0.0,
      0.0,
      0.0,
      0.0,
      0.0,
      0.0
    ],
    [
      -0.9999999999999998,
      3.7300911910708177e-17,
      0.0,
      0.0,
      0.0,
      0.0,
      0.0,
      0.0
    ],
    [
      0.0,
      0.0,
      -10500.000000000005,
      0.0,
      10000.0,
      0.0,
      0.0,
      0.0
    ],
    [
      23080.556649049882,
      -21492.12011523153,
      0.01450430156600058,
      -3579.8885232029843,
      -8917.47550696387,
      146.74131101110854,
      -266.6321908448398,
      -420.7445342352476
    ],
    [
      0.0,
      0.0,
      0.0,
      0.0,
      0.0,
      0.0,
      1.0,
      0.036938067505741155
    ],
    [
      0.0,
      0.0,
      0.0,
      2.7110668498867594,
      9.800315858278845,
      -0.5883923153300586,
      0.48538397849493464,
      -21.388654142436785
    ],
    [
      0.0,
      0.0,
      0.0,
      159.28214170918537,
      0.0,
      -6.110874434269494,
      -26.515222477716765,
      4.719913744897705
    ],
    [
      0.0,
      0.0,
      0.0,
      8.594667010045077,
      0.0,
      0.8359725219373587,
      -0.7533756452996269,
      -1.2665724477434888
    ]
  ],
  "B": [
    [
      1.0
    ],
    [
      0.0
    ],
    [
      0.0
    ],
    [
      0.0
    ],
    [
      0.0
    ],
    [
      0.0
    ],
    [
      0.0
    ],
    [
      0.0
    ]
  ],
  "C": [
    [
      6612.013822131894,
      -6156.965684563748,
      0.004155126927526376,
      -1024.5503260613023,
      -2554.6381834337144,
      42.03778927156618,
      -76.38358806064424,
      -120.5329974597655
    ]
  ],
  "D": [
    [
      0.0
    ]
  ]
}