{
  "lat_controller0": {
    "A": [
      [
        -0.07636753236814724,
        0.0014580000000000305,
        0.0,
        0.0,
        0.0,
        0.0,
        0.0,
        0.0
      ],
      [
        -1.0000000000000002,
        1.971147955806315e-16,
        0.0,
        0.0,
        0.0,
        0.0,
        0.0,
        0.0
      ],
      [
        0.0,
        0.0,
        -13500.000000000007,
        0.0,
        10000.0,
        0.0,
        0.0,
        0.0
      ],
      [
        11864.66090794806,
        -13754.771349420567,
        0.01167907890116896,
        -1657.6384041280992,
        -3840.3093095474633,
        79.77829250119923,
        -116.5612461902585,
        -195.94373547838532
      ],
      [
        0.0,
        0.0,
        0.0,
        0.0,
        0.0,
        0.0,
        1.0,
        0.036938067505741155
      ],
      [
        0.0,
        0.0,
        0.0,
        2.7110668498873016,
        9.800315858278841,
        -0.6306858262180066,
        0.5148538226712384,
        -21.386812277175434
      ],
      [
        0.0,
        0.0,
        0.0,
        159.28214170918602,
        0.0,
        -6.375765429329599,
        -26.531201789721862,
        3.1949329942653795
      ],
      [
        0.0,
        0.0,
        0.0,
        8.594667010045727,
        0.0,
        0.7521850509545087,
        -0.6461512005867531,
        -1.0919087841557238
      ]
    ],
    "B": [
      [
        1.0
      ],
      [
        0.0
      ],
      [
        0.0
      ],
      [
        0.0
      ],
      [
        0.0
      ],
      [
        0.0
      ],
      [
        0.0
      ],
      [
        0.0
      ]
    ],
    "C": [
      [
        3398.9345712548015,
        -3940.404889947765,
        0.003345769874552701,
        -473.8727774138338,
        -1100.1544989615704,
        22.854525596795995,
        -33.391940352817876,
        -56.13307802940586
      ]
    ],
    "D": [
      [
        0.0
      ]
    ],
    "icing_level": 0.1
  },
  "lat_controller1": {
    "A": [
      [
        -0.0820243866176395,
        0.0016820000000000199,
        0.0,
        0.0,
        0.0,
        0.0,
        0.0,
        0.0
      ],
      [
        -1.0,
        1.1102230246251565e-16,
        0.0,
        0.0,
        0.0,
        0.0,
        0.0,
        0.0
      ],
      [
        0.0,
        0.0,
        -14500.00000000001,
        0.0,
        10000.0,
        0.0,
        0.0,
        0.0
      ],
      [
        34416.954874053365,
        -42366.19330006403,
        0.007865689396184074,
        -4621.430738439394,
        -10618.922361977926,
        206.19377449151773,
        -320.4392120616201,
        -580.2501917160737
      ],
      [
        0.0,
        0.0,
        0.0,
        0.0,
        0.0,
        0.0,
        1.0,
        0.036938067505741155
      ],
      [
        0.0,
        0.0,
        0.0,
        2.7110668498867594,
        9.800315858278845,
        -0.5883923153300586,
        0.48538397849493464,
        -21.388654142436785
      ],
      [
        0.0,
        0.0,
        0.0,
        159.28214170918537,
        0.0,
        -6.110874434269494,
        -26.515222477716765,
        4.719913744897705
      ],
      [
        0.0,
        0.0,
        0.0,
        8.594667010045077,
        0.0,
        0.8359725219373587,
        -0.7533756452996269,
        -1.2665724477434888
      ]
    ],
    "B": [
      [
        1.0
      ],
      [
        0.0
      ],
      [
        0.0
      ],
      [
        0.0
      ],
      [
        0.0
      ],
      [
        0.0
      ],
      [
        0.0
      ],
      [
        0.0
      ]
    ],
    "C": [
      [
        9859.614081374346,
        -12136.876070649987,
        0.002253327239848277,
        -1322.9266446307465,
        -3042.061008369736,
        59.069462998917096,
        -91.7979809378516,
        -166.22745916655768
      ]
    ],
    "D": [
      [
        0.0
      ]
    ],
    "icing_level": 0.3
  },
  "lat_controller2": {
    "A": [
      [
        -0.08485281374238583,
        0.0018000000000000238,
        0.0,
        0.0,
        0.0,
        0.0,
        0.0,
        0.0
      ],
      [
        -0.9999999999999999,
        0.0,
        0.0,
        0.0,
        0.0,
        0.0,
        0.0,
        0.0
      ],
      [
        0.0,
        0.0,
        -15000.00000000001,
        0.0,
        10000.0,
        0.0,
        0.0,
        0.0
      ],
      [
        4385.667417063578,
        -5545.501014913082,
        0.01036339257967161,
        -587.0122643398402,
        -1326.6521452882598,
        23.641212728311782,
        -39.86940730708991,
        -76.82024278204005
      ],
      [
        0.0,
        0.0,
        0.0,
        0.0,
        0.0,
        0.0,
        1.0,
        0.036938067505741155
      ],
      [
        0.0,
        0.0,
        0.0,
        2.7110668498867594,
        9.800315858278845,
        -0.5460988044431745,
        0.45591413431756705,
        -21.3904960076986
      ],
      [
        0.0,
        0.0,
        0.0,
        159.28214170918537,
        0.0,
        -5.84598343924582,
        -26.499243165695187,
        6.24489449552873
      ],
      [
        0.0,
        0.0,
        0.0,
        8.594667010045077,
        0.0,
        0.9197599929143541,
        -0.8606000900142352,
        -1.44123611133494
      ]
    ],
    "B": [
      [
        1.0
      ],
      [
        0.0
      ],
      [
        0.0
      ],
      [
        0.0
      ],
      [
        0.0
      ],
      [
        0.0
      ],
      [
        0.0
      ],
      [
        0.0
      ]
    ],
    "C": [
      [
        1256.3862311393418,
        -1588.6501317445975,
        0.0029688579882577726,
        -167.1646272485261,
        -380.0533260608339,
        6.772628048292447,
        -11.4216080748441,
        -22.007116848080265
      ]
    ],
    "D": [
      [
        0.0
      ]
    ],
    "icing_level": 0.5
  },
  "lat_controller3": {
    "A": [
      [
        -0.08768124086713197,
        0.0019219999999999786,
        0.0,
        0.0,
        0.0,
        0.0,
        0.0,
        0.0
      ],
      [
        -1.0,
        1.1102230246251565e-16,
        0.0,
        0.0,
        0.0,
        0.0,
        0.0,
        0.0
      ],
      [
        0.0,
        0.0,
        -15500.00000000001,
        0.0,
        10000.0,
        0.0,
        0.0,
        0.0
      ],
      [
        8752.80042692749,
        -11369.56613593993,
        0.009358380333921544,
        -1140.6614510041604,
        -2590.9557899412657,
        41.652877774712174,
        -77.21845486184061,
        -155.32402481422707
      ],
      [
        0.0,
        0.0,
        0.0,
        0.0,
        0.0,
        0.0,
        1.0,
        0.036938067505741155
      ],
      [
        0.0,
        0.0,
        0.0,
        2.7110668498872474,
        9.80031585827879,
        -0.5038052935542846,
        0.4264442901412294,
        -21.392337872958414
      ],
      [
        0.0,
        0.0,
        0.0,
        159.28214170918622,
        0.0,
        -5.581092444204364,
        -26.48326385368792,
        7.7698752461597556
      ],
      [
        0.0,
        0.0,
        0.0,
        8.594667010045077,
        0.0,
        1.0035474638965536,
        -0.9678245347262415,
        -1.6158997749229216
      ]
    ],
    "B": [
      [
        0.9999999999999999
      ],
      [
        0.0
      ],
      [
        0.0
      ],
      [
        0.0
      ],
      [
        0.0
      ],
      [
        0.0
      ],
      [
        0.0
      ],
      [
        0.0
      ]
    ],
    "C": [
      [
        2507.46280885686,
        -3257.102052847246,
        0.002680946610670404,
        -325.77155040465635,
        -742.2453347254747,
        11.932528654559315,
        -22.121194849569434,
        -44.49652643118135
      ]
    ],
    "D": [
      [
        0.0
      ]
    ],
    "icing_level": 0.7
  },