{
  "lon_contoller0": {
    "A": [
      [
        -0.01389999999999995,
        0.0,
        0.0,
        0.0,
        0.0,
        0.0,
        0.0,
        0.0
      ],
      [
        1.607623774794781e-31,
        -13899.999999999962,
        0.0,
        0.0,
        9999.999999999996,
        0.0,
        0.0,
        0.0
      ],
      [
        -32321.36279770102,
        0.00031749996295531326,
        -26572.121262900804,
        72.01382179473076,
        81636.87796736353,
        226.4478745183429,
        -2315.2679014338,
        2834.1288755153632
      ],
      [
        0.0,
        0.0,
        0.0,
        -5.000000000254801,
        0.0,
        0.0,
        0.0,
        0.0
      ],
      [
        3.0778787825976056e-31,
        1.5529667981637782e-11,
        0.0,
        0.0,
        -1.1059824702117163e-11,
        0.0,
        0.0,
        0.9999999445201772
      ],
      [
        2.4620028821066324e-30,
        -4.204751758520239e-11,
        4.6030931361018546,
        34.39118566547772,
        -9.800316219220104,
        -0.9327775473411126,
        0.4782480595988403,
        -0.7164518545099696
      ],
      [
        1.9175181411275264e-32,
        1.512699086971949e-11,
        -17.247767108478918,
        0.0,
        -0.3620096484217279,
        -0.46809247948587096,
        -12.247658224572023,
        19.396049314564234
      ],
      [
        -9.502882598915748e-32,
        -1.538524498981989e-11,
        -110.70479627039998,
        0.0,
        1.104473617599864e-11,
        0.5672096253794834,
        -14.31196104195731,
        -8.927260941704596
      ]
    ],
    "B": [
      [
        10.0
      ],
      [
        8.496959685630168e-14
      ],
      [
        0.0
      ],
      [
        0.0
      ],
      [
        1.1818731226255891e-13
      ],
      [
        -8.867106351577419e-13
      ],
      [
        -1.8202200017673096e-14
      ],
      [
        -2.932242871373448e-14
      ]
    ],
    "C": [
      [
        -9259.278310289077,
        9.095595810455194e-05,
        -7611.2615128545585,
        20.630195031021458,
        23386.964782830615,
        64.87176626995115,
        -663.2675112257127,
        811.9084640666803
      ]
    ],
    "D": [
      [
        0.0
      ]
    ],
    "icing_level": 0.1
  },
  "lon_contoller1": {
    "A": [
      [
        -0.01389999999999997,
        0.0,
        0.0,
        0.0,
        0.0,
        0.0,
        0.0,
        0.0
      ],
      [
        -1.0445838995793825e-30,
        -13900.00000000001,
        0.0,
        0.0,
        10000.000000000031,
        0.0,
        0.0,
        0.0
      ],
      [
        -68900.82602289447,
        0.0011192607493367797,
        -58546.89692942803,
        133.6706380493494,
        168204.70988559237,
        430.6926211561797,
        -4164.788370693166,
        6356.923255695153
      ],
      [
        0.0,
        0.0,
        0.0,
        -5.000000000254801,
        0.0,
        0.0,
        0.0,
        0.0
      ],
      [
        1.3271710104140988e-31,
        -7.030685337987614e-11,
        0.0,
        0.0,
        5.0191170145495874e-11,
        0.0,
        0.0,
        0.9999999445201772
      ],
      [
        1.0166642155892245e-29,
        1.4888891449636223e-10,
        4.603093135768788,
        34.391185665505475,
        -9.800316219436816,
        -0.9593245351435797,
        0.24318173441617574,
        -0.747101119635829
      ],
      [
        5.200707430504693e-32,
        1.0792155297709575e-11,
        -17.247767106376433,
        0.0,
        -0.36200964837689226,
        -0.4613394918862035,
        -11.632712480669216,
        20.2257975457365
      ],
      [
        1.472874430429689e-31,
        -2.4153026058291453e-12,
        -110.70479627028895,
        0.0,
        1.8387630043349235e-12,
        0.534445180555565,
        -11.337456293114556,
        -8.947768780354082
      ]
    ],
    "B": [
      [
        10.0
      ],
      [
        -2.980013310108284e-13
      ],
      [
        0.0
      ],
      [
        0.0
      ],
      [
        -4.1460279844106653e-13
      ],
      [
        3.101284414245748e-12
      ],
      [
        6.393688248987411e-14
      ],
      [
        1.0026598184587255e-13
      ]
    ],
    "C": [
      [
        -19738.398035622628,
        0.0003206407738670317,
        -16771.251104212173,
        38.29336180406597,
        48186.5270248726,
        123.38288055590961,
        -1193.1097976613275,
        1821.1027174205983
      ]
    ],
    "D": [
      [
        0.0
      ]
    ],
    "icing_level": 0.3
  },
  "lon_contoller2": {
    "A": [
      [
        -0.013899999999999989,
        0.0,
        0.0,
        0.0,
        0.0,
        0.0,
        0.0,
        0.0
      ],
      [
        -8.154790738682492e-31,
        -13899.99999999998,
        0.0,
        0.0,
        10000.00000000001,
        0.0,
        0.0,
        0.0
      ],
      [
        -17494.082955117174,
        3.804598062374528e-05,
        -15428.760724636142,
        30.895924999620743,
        41135.97450299471,
        96.57479115079387,
        -838.5064253672435,
        1730.8010820856869
      ],
      [
        0.0,
        0.0,
        0.0,
        -5.000000000254801,
        0.0,
        0.0,
        0.0,
        0.0
      ],
      [
        -7.69163904815878e-31,
        -2.1692346709389956e-11,
        0.0,
        0.0,
        1.532657404002481e-11,
        0.0,
        0.0,
        0.9999999445201772
      ],
      [
        -1.69806522231831e-30,
        1.5834390317686846e-10,
        4.603093136656966,
        34.391185665505475,
        -9.800316219555624,
        -0.9858715224186909,
        0.00811540956657808,
        -0.7777503844286215
      ],
      [
        2.006976156334938e-31,
        2.042629505502987e-11,
        -17.247767108541368,
        0.0,
        -0.3620096483838416,
        -0.45458650221874564,
        -11.017766736842738,
        21.055545774806284
      ],
      [
        -5.439353996799344e-32,
        6.914201102785102e-13,
        -110.70479627006691,
        0.0,
        -4.298459421822059e-13,
        0.5016807316238214,
        -8.362951544604869,
        -8.96827661955868
      ]
    ],
    "B": [
      [
        10.0
      ],
      [
        -2.0662763209419822e-13
      ],
      [
        0.0
      ],
      [
        0.0
      ],
      [
        -2.8723769274085735e-13
      ],
      [
        2.1224496588608164e-12
      ],
      [
        4.906012451528774e-14
      ],
      [
        6.782743427473612e-14
      ]
    ],
    "C": [
      [
        -5011.626022038771,
        1.0899241018642329e-05,
        -4418.961819877992,
        8.850925315737445,
        11784.448535544907,
        27.66631081183395,
        -240.21154077058864,
        495.83209158249895
      ]
    ],
    "D": [
      [
        0.0
      ]
    ],
    "icing_level": 0.5
  },