{
  "A": [
    [
      -0.006199999999999995,
      0.0,
      0.0,
      0.0,
      0.0,
      0.0,
      0.0,
      0.0
    ],
    [
      5.591143600265477e-28,
      -6199.999999829919,
      0.0,
      0.0,
      999.9999999725651,
      0.0,
      0.0,
      0.0
    ],
    [
      -54983.47468660218,
      0.005934096332387853,
      -8313.987298996855,
      43.19499637616321,
      16906.249541181664,
      47.657391143889726,
      -276.9377977813345,
      821.7647565149713
    ],
    [
      0.0,
      0.0,
      0.0,
      -5.000000000254801,
      0.0,
      0.0,
      0.0,
      0.0
    ],
    [
      2.6824080715273814e-27,
      8.368165136733646e-08,
      0.0,
      0.0,
      -1.3438988944512369e-08,
      0.0,
      0.0,
      0.9999999445201772
    ],
    [
      -3.029092571644066e-26,
      -3.3617164554330325e-07,
      4.603093136212877,
      34.391185665505475,
      -9.800316165662393,
      -1.012418510359936,
      -0.2269509156160865,
      -0.8083996496655033
    ],
    [
      1.5692490817718259e-28,
      2.99234983621316e-09,
      -17.24776710632092,
      0.0,
      -0.36200964886536774,
      -0.44783351349497735,
      -10.402820995070172,
      21.885294003820555
    ],
    [
      -1.0129580540890925e-27,
      -3.189623554755497e-08,
      -110.70479627273144,
      0.0,
      5.1317925318828744e-09,
      0.4689162849125239,
      -5.388446795873136,
      -8.988784458541232
    ]
  ],
  "B": [
    [
      1.0
    ],
    [
      1.0449019286702499e-11
    ],
    [
      0.0
    ],
    [
      0.0
    ],
    [
      6.480349482609544e-11
    ],
    [
      -4.669776750242145e-10
    ],
    [
      -1.3301063228090962e-11
    ],
    [
      -1.5335152532720246e-11
    ]
  ],
  "C": [
    [
      -15751.417963916927,
      0.001699973166526042,
      -2380.7536021437827,
      12.374307839744667,
      4843.226155554695,
      13.65267457642498,
      -79.33589187886362,
      235.41546294886655
    ]
  ],
  "D": [
    [
      0.0
    ]
  ]
}
