{
  "A": [
    [
      -0.0006299999999999999,
      0.0,
      0.0,
      0.0,
      0.0,
      0.0,
      0.0
    ],
    [
      -1.1502329034851057e-35,
      -63000.00000000015,
      0.0,
      10000.000000000025,
      0.0,
      0.0,
      0.0
    ],
    [
      6791.184996772465,
      5.371304750588263e-06,
      -7062.026597428315,
      -5579.0154899534555,
      57.6410651237154,
      -182.74010389523153,
      -834.8168901553536
    ],
    [
      -2.834316686539123e-34,
      -1.0090934190282322e-09,
      0.0,
      1.601815368954487e-10,
      0.0,
      1.0,
      0.038637354806309324
    ],
    [
      -9.78738635131112e-36,
      2.858780504482417e-08,
      2.6762943021050107,
      9.787525491496528,
      -0.9435199766934398,
      0.5131633823766709,
      -21.239960535637845
    ],
    [
      6.9706324817678505e-34,
      -7.480038784347487e-09,
      157.37241932093607,
      1.187367284233142e-09,
      -6.2025417048003435,
      -26.37580099046824,
      2.7967597154108508
    ],
    [
      -1.5055681563995607e-35,
      3.868575410104444e-09,
      8.491620755575225,
      -6.140903110384925e-10,
      1.268798680967771,
      -0.6188247629347596,
      -1.0421401679271718
    ]
  ],
  "B": [
    [
      1.0
    ],
    [
      2.911034004348796e-18
    ],
    [
      0.0
    ],
    [
      -3.0758843925908566e-17
    ],
    [
      -5.746325156511804e-18
    ],
    [
      1.7233032634641167e-16
    ],
    [
      -1.7618354011987385e-17
    ]
  ],
  "C": [
    [
      1945.50806334653,
      1.5387471712119974e-06,
      -2022.0975441537912,
      -1598.2512074693961,
      16.512752491850282,
      -52.350561175099614,
      -239.15457935352885
    ]
  ],
  "D": [
    [
      0.0
    ]
  ]
}