{
  "A": [
    [
      -0.020199999999999992,
      0.0,
      0.0,
      0.0,
      0.0,
      0.0,
      0.0
    ],
    [
      -1.6844512968745646e-34,
      -20199.999999999996,
      0.0,
      9999.999999999996,
      0.0,
      0.0,
      0.0
    ],
    [
      1618.1271285921305,
      5.409381281966103e-05,
      -1835.6457791471707,
      -4058.3357760138733,
      96.02830794716027,
      -127.04654332242576,
      -182.41933790138015
    ],
    [
      9.73727135176971e-36,
      1.5721845628910432e-11,
      0.0,
      -7.786949510473707e-12,
      0.0,
      1.0,
      0.036938067505741155
    ],
    [
      -1.938963906064372e-35,
      -2.463822388737801e-11,
      2.7110668498867594,
      9.800315858291048,
      -0.5883923153300586,
      0.48538397849493464,
      -21.388654142436785
    ],
    [
      -1.1052850448932138e-35,
      2.4781827447967343e-11,
      159.28214170918537,
      -1.2274365670939324e-11,
      -6.110874434269494,
      -26.515222477716765,
      4.719913744897705
    ],
    [
      1.5531726847007723e-35,
      2.699613741815088e-12,
      8.594667010045077,
      -1.3371019052714448e-12,
      0.8359725219373587,
      -0.7533756452996269,
      -1.2665724477434888
    ]
  ],
  "B": [
    [
      10.0
    ],
    [
      -8.28512285738759e-17
    ],
    [
      0.0
    ],
    [
      3.587772060193593e-17
    ],
    [
      1.454432692125155e-17
    ],
    [
      2.923242586689082e-18
    ],
    [
      9.09667263975832e-18
    ]
  ],
  "C": [
    [
      463.5537653143296,
      1.5496551642749816e-05,
      -524.8675277556098,
      -1162.6137382159159,
      27.509756767010174,
      -36.39572100773132,
      -52.2586695792593
    ]
  ],
  "D": [
    [
      0.0
    ]
  ]
}