{
  "A": [
    [
      -0.01770875489694284,
      7.839999999995077e-05,
      0.0,
      0.0,
      0.0,
      0.0,
      0.0,
      0.0
    ],
    [
      -1.0000000000000002,
      1.9193292040305597e-16,
      0.0,
      0.0,
      0.0,
      0.0,
      0.0,
      0.0
    ],
    [
      0.0,
      0.0,
      -280000.0,
      0.0,
      100000.0,
      0.0,
      0.0,
      0.0
    ],
    [
      32207.581855423236,
      -18061.288720075056,
      9.052946945433279e-07,
      -29609.361140179128,
      -23147.08977322483,
      365.82141446291456,
      -703.8810378420433,
      -4537.755014503963
    ],
    [
      0.0,
      0.0,
      0.0,
      0.0,
      0.0,
      0.0,
      1.0,
      0.036938067505741155
    ],
    [
      0.0,
      0.0,
      0.0,
      2.7110668498867594,
      9.800315858278845,
      -0.5883923153300586,
      0.48538397849493464,
      -21.388654142436785
    ],
    [
      0.0,
      0.0,
      0.0,
      159.28214170918537,
      0.0,
      -6.110874434269494,
      -26.515222477716765,
      4.719913744897705
    ],
    [
      0.0,
      0.0,
      0.0,
      8.594667010045077,
      0.0,
      0.8359725219373587,
      -0.7533756452996269,
      -1.2665724477434888
    ]
  ],
  "B": [
    [
      1.0
    ],
    [
      0.0
    ],
    [
      0.0
    ],
    [
      0.0
    ],
    [
      0.0
    ],
    [
      0.0
    ],
    [
      0.0
    ],
    [
      0.0
    ]
  ],
  "C": [
    [
      9226.682858806582,
      -5174.116572598658,
      2.5934474304238944e-07,
      -8481.356301030486,
      -6631.07393161554,
      104.79886969971335,
      -201.6446666393429,
      -1299.955600446215
    ]
  ],
  "D": [
    [
      0.0
    ]
  ]
}