{
  "A": [
    [
      -0.013299999999999765,
      0.0,
      0.0,
      0.0,
      0.0,
      0.0,
      0.0,
      0.0
    ],
    [
      2.4039218984583367e-32,
      -13300.000000000056,
      0.0,
      0.0,
      10000.000000000053,
      0.0,
      0.0,
      0.0
    ],
    [
      -43343.93808596462,
      -0.10433698032009626,
      -4207.463343496515,
      -1.0326515531573623,
      48638.66168272568,
      18.45411685854421,
      -195.42042414727328,
      1564.9838240891293
    ],
    [
      0.0,
      0.0,
      0.0,
      -5.000000000254801,
      0.0,
      0.0,
      0.0,
      0.0
    ],
    [
      3.6178668244611947e-32,
      -9.124222464059232e-11,
      0.0,
      0.0,
      6.863389994059473e-11,
      0.0,
      0.0,
      0.9999999445201772
    ],
    [
      -4.109379569721375e-31,
      1.1346654447196219e-10,
      4.603093136212877,
      34.391185665505475,
      -9.8003162195291,
      -1.012418510359936,
      -0.2269509156160865,
      -0.8083996496655033
    ],
    [
      4.696743787701192e-33,
      5.090124064029292e-11,
      -17.24776710632092,
      0.0,
      -0.36200964840747785,
      -0.44783351349497735,
      -10.402820995070172,
      21.885294003820555
    ],
    [
      9.000871561694892e-33,
      -4.550996369065804e-11,
      -110.70479627273144,
      0.0,
      3.42360317744289e-11,
      0.4689162849125239,
      -5.388446795873136,
      -8.988784458541232
    ]
  ],
  "B": [
    [
      10.0
    ],
    [
      -2.577000727668305e-15
    ],
    [
      0.0
    ],
    [
      0.0
    ],
    [
      -3.595228487877949e-15
    ],
    [
      2.884861051965657e-14
    ],
    [
      1.0452661059394306e-15
    ],
    [
      8.963942139096727e-16
    ]
  ],
  "C": [
    [
      -12416.975989342605,
      -0.029889987773276755,
      -1204.3351314921872,
      -0.29582936177791364,
      13933.784536844587,
      5.286652206880717,
      -55.98316215871453,
      448.32951101221613
    ]
  ],
  "D": [
    [
      0.0
    ]
  ]
}