{
  "A": [
    [
      -0.010099999999999996,
      0.0,
      0.0,
      0.0,
      0.0,
      0.0,
      0.0,
      0.0
    ],
    [
      -1.9876639199922444e-30,
      -10100.000000000018,
      0.0,
      0.0,
      10000.00000000002,
      0.0,
      0.0,
      0.0
    ],
    [
      -4425.715492939176,
      -0.0001520517905226765,
      -800.8200700500129,
      5.386942326750027,
      1413.5174477835935,
      4.760039244999248,
      -25.277216997733568,
      69.26855458114304
    ],
    [
      0.0,
      0.0,
      0.0,
      -5.000000000254801,
      0.0,
      0.0,
      0.0,
      0.0
    ],
    [
      7.936726127567952e-30,
      -1.8290301870942168e-11,
      0.0,
      0.0,
      1.7883246781758994e-11,
      0.0,
      0.0,
      0.9999999445201772
    ],
    [
      -5.325720287488703e-29,
      8.469726287476673e-11,
      4.603093136212877,
      34.391185665505475,
      -9.80031621952598,
      -1.012418510359936,
      -0.2269509156160865,
      -0.8083996496655033
    ],
    [
      -6.419588006809911e-31,
      -4.4941660555560457e-13,
      -17.24776710632092,
      0.0,
      -0.3620096483686935,
      -0.44783351349497735,
      -10.402820995070172,
      21.885294003820555
    ],
    [
      -2.024790295522475e-31,
      -2.4099262473859355e-12,
      -110.70479627273144,
      0.0,
      2.442762660546068e-12,
      0.4689162849125239,
      -5.388446795873136,
      -8.988784458541232
    ]
  ],
  "B": [
    [
      1.0
    ],
    [
      -2.3262300295485887e-13
    ],
    [
      0.0
    ],
    [
      0.0
    ],
    [
      -2.3502212590491116e-13
    ],
    [
      1.6934477017890015e-12
    ],
    [
      4.946407840347332e-14
    ],
    [
      5.550343946430342e-14
    ]
  ],
  "C": [
    [
      -1267.8590233886064,
      -4.355911150279153e-05,
      -228.41532358857359,
      1.5432269535492034,
      404.9381063353166,
      1.3636345847546165,
      -7.241303176369544,
      19.843743255277378
    ]
  ],
  "D": [
    [
      0.0
    ]
  ]
}