{
  "A": [
    [
      -0.013299999999999765,
      0.0,
      0.0,
      0.0,
      0.0,
      0.0,
      0.0,
      0.0
    ],
    [
      -2.879443212907678e-31,
      -13299.999999999945,
      0.0,
      0.0,
      9999.99999999997,
      0.0,
      0.0,
      0.0
    ],
    [
      -55473.50157049962,
      -0.0898339678870749,
      -5369.036521889312,
      -8.93171635017496,
      62255.41179550546,
      30.32688944251445,
      -684.3713306170403,
      1870.9428110334236
    ],
    [
      0.0,
      0.0,
      0.0,
      -5.000000000254801,
      0.0,
      0.0,
      0.0,
      0.0
    ],
    [
      -1.0751928216488012e-31,
      5.20812781437221e-11,
      0.0,
      0.0,
      -3.9211218702109707e-11,
      0.0,
      0.0,
      0.9987607102403838
    ],
    [
      1.262889178834516e-30,
      -2.4156841820096495e-11,
      4.540198239093834,
      34.39118566550415,
      -9.799669693171317,
      -0.9180681893424751,
      0.5306804146525448,
      -0.6989486407775656
    ],
    [
      1.5895377129093893e-32,
      2.2909237896342512e-11,
      -17.0422671881494,
      0.0,
      -0.3786382150700054,
      -0.4667732222863704,
      -12.337623157021648,
      19.055341020004477
    ],
    [
      -1.1813830232569123e-31,
      5.439412196413501e-11,
      -109.3774947512748,
      0.0,
      -4.091013762704324e-11,
      0.5494137834324683,
      -14.978591978775443,
      -8.868294649101312
    ]
  ],
  "B": [
    [
      10.0
    ],
    [
      -2.4727026137763448e-14
    ],
    [
      0.0
    ],
    [
      0.0
    ],
    [
      -3.277373246536439e-14
    ],
    [
      2.523271668761565e-13
    ],
    [
      4.013213434652513e-15
    ],
    [
      8.157583821644386e-15
    ]
  ],
  "C": [
    [
      -15891.798656585395,
      -0.025735230150727526,
      -1537.0973792916823,
      -2.5587178360162395,
      17834.64972514216,
      8.687910574537476,
      -196.0556136641851,
      535.9792623355987
    ]
  ],
  "D": [
    [
      0.0
    ]
  ]
}